{"cameraMode":{"drawMode":0,"name":"Shaded","section":"Shading Mode"},"sceneLighting":true,"audioPlay":false,"sceneViewState":{"m_AlwaysRefresh":false,"showFog":true,"showSkybox":false,"showFlares":true,"showImageEffects":true,"showParticleSystems":true,"showVisualEffectGraphs":true,"m_FxEnabled":true},"in2DMode":false,"pivot":{"x":10.196744918823243,"y":0.37075233459472659,"z":92.07537841796875},"rotation":{"x":-0.051262225955724719,"y":-0.8258183598518372,"z":0.07602440565824509,"w":-0.5566050410270691},"size":8.84708023071289,"orthographic":false}