{"cameraMode":{"drawMode":0,"name":"Shaded","section":"Shading Mode"},"sceneLighting":true,"audioPlay":false,"sceneViewState":{"m_AlwaysRefresh":false,"showFog":true,"showSkybox":false,"showFlares":true,"showImageEffects":true,"showParticleSystems":true,"showVisualEffectGraphs":true,"m_FxEnabled":true},"in2DMode":false,"pivot":{"x":13.344295501708985,"y":3.0232410430908205,"z":100.72909545898438},"rotation":{"x":-0.3923809826374054,"y":-0.11929312348365784,"z":0.05129602178931236,"w":-0.9106897711753845},"size":16.625802993774415,"orthographic":false}